annee,code_dept,candidat,total_voix
2017,01,Emmanuel MACRON,173809
2017,02,Marine LE PEN,133939
2017,03,Emmanuel MACRON,106579
2017,04,Emmanuel MACRON,48994
2017,05,Emmanuel MACRON,47211
2017,06,Emmanuel MACRON,278407
2017,07,Emmanuel MACRON,104599
2017,08,Emmanuel MACRON,64424
2017,09,Emmanuel MACRON,47983
2017,10,Emmanuel MACRON,75810
2017,11,Emmanuel MACRON,100901
2017,12,Emmanuel MACRON,109340
2017,13,Emmanuel MACRON,519335
2017,14,Emmanuel MACRON,232615
2017,15,Emmanuel MACRON,55411
2017,16,Emmanuel MACRON,113700
2017,17,Emmanuel MACRON,215465
2017,18,Emmanuel MACRON,90376
2017,19,Emmanuel MACRON,88029
2017,21,Emmanuel MACRON,159645
2017,22,Emmanuel MACRON,236953
2017,23,Emmanuel MACRON,39239
2017,24,Emmanuel MACRON,135533
2017,25,Emmanuel MACRON,158304
2017,26,Emmanuel MACRON,157992
2017,27,Emmanuel MACRON,158858
2017,28,Emmanuel MACRON,122420
2017,29,Emmanuel MACRON,371332
2017,2A,Emmanuel MACRON,31139
2017,2B,Emmanuel MACRON,35680
2017,30,Emmanuel MACRON,194989
2017,31,Emmanuel MACRON,436665
2017,32,Emmanuel MACRON,67571
2017,33,Emmanuel MACRON,515491
2017,34,Emmanuel MACRON,312419
2017,35,Emmanuel MACRON,403347
2017,36,Emmanuel MACRON,68173
2017,37,Emmanuel MACRON,201211
2017,38,Emmanuel MACRON,383197
2017,39,Emmanuel MACRON,79268
2017,40,Emmanuel MACRON,146619
2017,41,Emmanuel MACRON,100789
2017,42,Emmanuel MACRON,218603
2017,43,Emmanuel MACRON,76233
2017,44,Emmanuel MACRON,525200
2017,45,Emmanuel MACRON,195004
2017,46,Emmanuel MACRON,66937
2017,47,Emmanuel MACRON,97418
2017,48,Emmanuel MACRON,26994
2017,49,Emmanuel MACRON,288817
2017,50,Emmanuel MACRON,176664
2017,51,Emmanuel MACRON,144840
2017,52,Emmanuel MACRON,45192
2017,53,Emmanuel MACRON,112192
2017,54,Emmanuel MACRON,198750
2017,55,Emmanuel MACRON,48303
2017,56,Emmanuel MACRON,289594
2017,57,Emmanuel MACRON,282717
2017,58,Emmanuel MACRON,62722
2017,59,Emmanuel MACRON,669806
2017,60,Emmanuel MACRON,202509
2017,61,Emmanuel MACRON,88484
2017,62,Marine LE PEN,382782
2017,63,Emmanuel MACRON,219437
2017,64,Emmanuel MACRON,253617
2017,65,Emmanuel MACRON,79794
2017,66,Emmanuel MACRON,118644
2017,67,Emmanuel MACRON,330941
2017,68,Emmanuel MACRON,203599
2017,69,Emmanuel MACRON,572015
2017,70,Emmanuel MACRON,63541
2017,71,Emmanuel MACRON,166945
2017,72,Emmanuel MACRON,170153
2017,73,Emmanuel MACRON,135118
2017,74,Emmanuel MACRON,249198
2017,75,Emmanuel MACRON,849257
2017,76,Emmanuel MACRON,355441
2017,77,Emmanuel MACRON,369762
2017,78,Emmanuel MACRON,503661
2017,79,Emmanuel MACRON,135827
2017,80,Emmanuel MACRON,153326
2017,81,Emmanuel MACRON,125591
2017,82,Emmanuel MACRON,71988
2017,83,Emmanuel MACRON,266724
2017,84,Emmanuel MACRON,145965
2017,85,Emmanuel MACRON,253914
2017,86,Emmanuel MACRON,143712
2017,87,Emmanuel MACRON,126418
2017,88,Emmanuel MACRON,106076
2017,89,Emmanuel MACRON,88939
2017,90,Emmanuel MACRON,36345
2017,91,Emmanuel MACRON,382650
2017,92,Emmanuel MACRON,590963
2017,93,Emmanuel MACRON,367823
2017,94,Emmanuel MACRON,419145
2017,95,Emmanuel MACRON,342018
2017,971,Emmanuel MACRON,100635
2017,972,Emmanuel MACRON,104307
2017,973,Emmanuel MACRON,21769
2017,974,Emmanuel MACRON,212081
2017,976,Emmanuel MACRON,19140
2017,988,Emmanuel MACRON,47902
2017,987,Emmanuel MACRON,52378
2017,975,Emmanuel MACRON,1467
2017,986,Emmanuel MACRON,4715
2017,971,Emmanuel MACRON,5282
2017,99,Emmanuel MACRON,496344
2022,01,Emmanuel MACRON,9280
2022,02,Emmanuel MACRON,9943
2022,03,Emmanuel MACRON,7305
2022,04,Emmanuel MACRON,5519
2022,05,Emmanuel MACRON,11357
2022,06,Emmanuel MACRON,77297
2022,07,Emmanuel MACRON,3841
2022,08,Emmanuel MACRON,9005
2022,09,Emmanuel MACRON,2964
2022,10,Emmanuel MACRON,11145
2022,11,Emmanuel MACRON,12252
2022,12,Emmanuel MACRON,6562
2022,13,Emmanuel MACRON,187428
2022,14,Emmanuel MACRON,30455
2022,15,Emmanuel MACRON,7288
2022,16,Emmanuel MACRON,10639
2022,17,Emmanuel MACRON,25275
2022,18,Emmanuel MACRON,16619
2022,19,Emmanuel MACRON,12302
2022,21,Emmanuel MACRON,38659
2022,22,Emmanuel MACRON,13204
2022,23,Emmanuel MACRON,3031
2022,24,Emmanuel MACRON,7480
2022,25,Emmanuel MACRON,29357
2022,26,Emmanuel MACRON,16884
2022,27,Emmanuel MACRON,9942
2022,28,Emmanuel MACRON,10617
2022,29,Emmanuel MACRON,37529
2022,2A,Emmanuel MACRON,8280
2022,2B,Emmanuel MACRON,4693
2022,30,Emmanuel MACRON,32631
2022,31,Emmanuel MACRON,127870
2022,32,Emmanuel MACRON,6102
2022,33,Emmanuel MACRON,84829
2022,34,Emmanuel MACRON,69992
2022,35,Emmanuel MACRON,68617
2022,36,Emmanuel MACRON,11176
2022,37,Emmanuel MACRON,37505
2022,38,Emmanuel MACRON,42633
2022,39,Emmanuel MACRON,5856
2022,40,Emmanuel MACRON,8110
2022,41,Emmanuel MACRON,11622
2022,42,Emmanuel MACRON,36084
2022,43,Emmanuel MACRON,4833
2022,44,Emmanuel MACRON,103996
2022,45,Emmanuel MACRON,29582
2022,46,Emmanuel MACRON,5715
2022,47,Emmanuel MACRON,6825
2022,48,Emmanuel MACRON,3136
2022,49,Emmanuel MACRON,45065
2022,50,Emmanuel MACRON,22075
2022,51,Emmanuel MACRON,37984
2022,52,Emmanuel MACRON,5065
2022,53,Emmanuel MACRON,15335
2022,54,Emmanuel MACRON,26661
2022,55,Emmanuel MACRON,3746
2022,56,Emmanuel MACRON,19350
2022,57,Emmanuel MACRON,28127
2022,58,Emmanuel MACRON,7769
2022,59,Emmanuel MACRON,59921
2022,60,Emmanuel MACRON,11803
2022,61,Emmanuel MACRON,6042
2022,62,Emmanuel MACRON,12069
2022,63,Emmanuel MACRON,31991
2022,64,Emmanuel MACRON,20568
2022,65,Emmanuel MACRON,8820
2022,66,Emmanuel MACRON,21619
2022,67,Emmanuel MACRON,71124
2022,68,Emmanuel MACRON,18400
2022,69,Emmanuel MACRON,164535
2022,70,Emmanuel MACRON,3117
2022,71,Emmanuel MACRON,9918
2022,72,Emmanuel MACRON,38370
2022,73,Emmanuel MACRON,14937
2022,74,Emmanuel MACRON,40179
2022,75,Emmanuel MACRON,808107
2022,76,Emmanuel MACRON,39420
2022,77,Emmanuel MACRON,13157
2022,78,Emmanuel MACRON,28452
2022,79,Emmanuel MACRON,19017
2022,80,Emmanuel MACRON,31450
2022,81,Emmanuel MACRON,13795
2022,82,Emmanuel MACRON,15832
2022,83,Emmanuel MACRON,33751
2022,84,Emmanuel MACRON,20484
2022,85,Emmanuel MACRON,18351
2022,86,Emmanuel MACRON,21080
2022,87,Emmanuel MACRON,31526
2022,88,Emmanuel MACRON,8439
2022,89,Emmanuel MACRON,8353
2022,90,Emmanuel MACRON,8725
2022,91,Emmanuel MACRON,14555
2022,92,Emmanuel MACRON,44061
2022,93,Emmanuel MACRON,30432
2022,94,Emmanuel MACRON,27777
2022,95,Emmanuel MACRON,21874
2022,971,Emmanuel MACRON,4172
2022,972,Emmanuel MACRON,9533
2022,973,Emmanuel MACRON,3041
2022,974,Emmanuel MACRON,28539
2022,976,Emmanuel MACRON,3499
2022,988,Emmanuel MACRON,20588
2022,987,Emmanuel MACRON,4435
2022,975,Emmanuel MACRON,1119
2022,986,Emmanuel MACRON,3831
2022,971,Emmanuel MACRON,2591
2022,99,Emmanuel MACRON,43866
1965,01,Charles DE GAULLE,90898
1965,02,Charles DE GAULLE,137901
1965,03,François MITTERRAND,109592
1965,04,François MITTERRAND,28152
1965,05,Charles DE GAULLE,24639
1965,06,Charles DE GAULLE,165877
1965,07,Charles DE GAULLE,74503
1965,08,Charles DE GAULLE,77254
1965,09,François MITTERRAND,48828
1965,10,Charles DE GAULLE,69112
1965,11,François MITTERRAND,96225
1965,12,Charles DE GAULLE,86478
1965,13,François MITTERRAND,334228
1965,14,Charles DE GAULLE,146863
1965,15,Charles DE GAULLE,53236
1965,16,Charles DE GAULLE,89493
1965,17,Charles DE GAULLE,118112
1965,18,Charles DE GAULLE,76460
1965,19,François MITTERRAND,73448
1965,20,Charles DE GAULLE,64375
1965,21,Charles DE GAULLE,97806
1965,22,Charles DE GAULLE,152190
1965,23,François MITTERRAND,45859
1965,24,François MITTERRAND,113186
1965,25,Charles DE GAULLE,108833
1965,26,Charles DE GAULLE,79986
1965,27,Charles DE GAULLE,99757
1965,28,Charles DE GAULLE,82473
1965,29,Charles DE GAULLE,260051
1965,30,François MITTERRAND,138455
1965,31,François MITTERRAND,181861
1965,32,François MITTERRAND,60875
1965,33,Charles DE GAULLE,241383
1965,34,François MITTERRAND,159238
1965,35,Charles DE GAULLE,212296
1965,36,François MITTERRAND,69208
1965,37,Charles DE GAULLE,106807
1965,38,François MITTERRAND,179424
1965,39,Charles DE GAULLE,65060
1965,40,Charles DE GAULLE,78729
1965,41,Charles DE GAULLE,71334
1965,42,Charles DE GAULLE,174933
1965,43,Charles DE GAULLE,65462
1965,44,Charles DE GAULLE,244630
1965,45,Charles DE GAULLE,117054
1965,46,François MITTERRAND,42979
1965,47,François MITTERRAND,87178
1965,48,Charles DE GAULLE,28524
1965,49,Charles DE GAULLE,180603
1965,50,Charles DE GAULLE,159828
1965,51,Charles DE GAULLE,117740
1965,52,Charles DE GAULLE,62138
1965,53,Charles DE GAULLE,87965
1965,54,Charles DE GAULLE,181858
1965,55,Charles DE GAULLE,67368
1965,56,Charles DE GAULLE,182421
1965,57,Charles DE GAULLE,290845
1965,58,François MITTERRAND,80474
1965,59,Charles DE GAULLE,633173
1965,60,Charles DE GAULLE,136985
1965,61,Charles DE GAULLE,92963
1965,62,Charles DE GAULLE,334443
1965,63,Charles DE GAULLE,131735
1965,64,Charles DE GAULLE,147633
1965,65,François MITTERRAND,62453
1965,66,François MITTERRAND,74358
1965,67,Charles DE GAULLE,297169
1965,68,Charles DE GAULLE,205802
1965,69,Charles DE GAULLE,263416
1965,70,Charles DE GAULLE,60826
1965,71,Charles DE GAULLE,133221
1965,72,Charles DE GAULLE,118385
1965,73,Charles DE GAULLE,68436
1965,74,Charles DE GAULLE,102642
1965,75,Charles DE GAULLE,1385847
1965,76,Charles DE GAULLE,263685
1965,77,Charles DE GAULLE,149593
1965,78,Charles DE GAULLE,616617
1965,79,Charles DE GAULLE,95790
1965,80,Charles DE GAULLE,140125
1965,81,François MITTERRAND,96445
1965,82,François MITTERRAND,52388
1965,83,François MITTERRAND,132451
1965,84,François MITTERRAND,94319
1965,85,Charles DE GAULLE,150836
1965,86,Charles DE GAULLE,95961
1965,87,François MITTERRAND,105539
1965,88,Charles DE GAULLE,119353
1965,89,Charles DE GAULLE,77941
1965,90,Charles DE GAULLE,28354
1969,01,Georges POMPIDOU,75667
1969,02,Georges POMPIDOU,106414
1969,03,Georges POMPIDOU,80773
1969,04,Georges POMPIDOU,22365
1969,05,Georges POMPIDOU,21711
1969,06,Georges POMPIDOU,138523
1969,07,Georges POMPIDOU,65203
1969,08,Georges POMPIDOU,60933
1969,09,Georges POMPIDOU,31757
1969,10,Georges POMPIDOU,58467
1969,11,Alain POHER,61964
1969,12,Georges POMPIDOU,91377
1969,13,Georges POMPIDOU,223654
1969,14,Georges POMPIDOU,119306
1969,15,Georges POMPIDOU,64511
1969,16,Georges POMPIDOU,75226
1969,17,Georges POMPIDOU,102949
1969,18,Georges POMPIDOU,63605
1969,19,Georges POMPIDOU,64920
1969,20,Georges POMPIDOU,68553
1969,21,Georges POMPIDOU,88399
1969,22,Georges POMPIDOU,127925
1969,23,Georges POMPIDOU,36910
1969,24,Georges POMPIDOU,92100
1969,25,Georges POMPIDOU,95635
1969,26,Georges POMPIDOU,68129
1969,27,Georges POMPIDOU,81498
1969,28,Georges POMPIDOU,69313
1969,29,Georges POMPIDOU,230814
1969,30,Georges POMPIDOU,92281
1969,31,Alain POHER,137645
1969,32,Alain POHER,46194
1969,33,Georges POMPIDOU,203222
1969,34,Georges POMPIDOU,113365
1969,35,Georges POMPIDOU,175415
1969,36,Alain POHER,52247
1969,37,Georges POMPIDOU,86682
1969,38,Georges POMPIDOU,150072
1969,39,Georges POMPIDOU,54391
1969,40,Georges POMPIDOU,74700
1969,41,Alain POHER,59017
1969,42,Georges POMPIDOU,152158
1969,43,Georges POMPIDOU,62022
1969,44,Georges POMPIDOU,213435
1969,45,Georges POMPIDOU,99415
1969,46,Georges POMPIDOU,44887
1969,47,Alain POHER,64656
1969,48,Georges POMPIDOU,27817
1969,49,Georges POMPIDOU,151860
1969,50,Georges POMPIDOU,126858
1969,51,Georges POMPIDOU,98525
1969,52,Georges POMPIDOU,49479
1969,53,Georges POMPIDOU,72709
1969,54,Georges POMPIDOU,135757
1969,55,Georges POMPIDOU,49877
1969,56,Georges POMPIDOU,158126
1969,57,Georges POMPIDOU,202958
1969,58,Alain POHER,57530
1969,59,Georges POMPIDOU,504348
1969,60,Georges POMPIDOU,107086
1969,61,Georges POMPIDOU,68427
1969,62,Georges POMPIDOU,273985
1969,63,Georges POMPIDOU,121627
1969,64,Georges POMPIDOU,136804
1969,65,Georges POMPIDOU,48597
1969,66,Georges POMPIDOU,55543
1969,67,Georges POMPIDOU,215581
1969,68,Georges POMPIDOU,161240
1969,69,Georges POMPIDOU,225884
1969,70,Georges POMPIDOU,51593
1969,71,Georges POMPIDOU,116571
1969,72,Georges POMPIDOU,94858
1969,73,Georges POMPIDOU,59141
1969,74,Georges POMPIDOU,81360
1969,75,Georges POMPIDOU,524353
1969,76,Georges POMPIDOU,220054
1969,77,Georges POMPIDOU,126103
1969,78,Georges POMPIDOU,170404
1969,79,Georges POMPIDOU,83637
1969,80,Georges POMPIDOU,110987
1969,81,Georges POMPIDOU,87051
1969,82,Georges POMPIDOU,43418
1969,83,Georges POMPIDOU,110587
1969,84,Alain POHER,78497
1969,85,Georges POMPIDOU,134565
1969,86,Georges POMPIDOU,78013
1969,87,Georges POMPIDOU,77159
1969,88,Georges POMPIDOU,94010
1969,89,Georges POMPIDOU,66431
1969,90,Georges POMPIDOU,24088
1969,91,Georges POMPIDOU,121661
1969,92,Georges POMPIDOU,277702
1969,93,Georges POMPIDOU,171383
1969,94,Georges POMPIDOU,187320
1969,95,Georges POMPIDOU,118876
1974,01,Valéry GISCARD DESTAING,100130
1974,02,François MITTERRAND,150748
1974,03,François MITTERRAND,115102
1974,04,François MITTERRAND,33013
1974,05,Valéry GISCARD DESTAING,28135
1974,06,Valéry GISCARD DESTAING,215293
1974,07,Valéry GISCARD DESTAING,78134
1974,08,François MITTERRAND,79250
1974,09,François MITTERRAND,53561
1974,10,Valéry GISCARD DESTAING,71800
1974,11,François MITTERRAND,99263
1974,12,Valéry GISCARD DESTAING,94646
1974,13,François MITTERRAND,386541
1974,14,Valéry GISCARD DESTAING,151804
1974,15,Valéry GISCARD DESTAING,58761
1974,16,François MITTERRAND,97597
1974,17,Valéry GISCARD DESTAING,130926
1974,18,François MITTERRAND,86709
1974,19,François MITTERRAND,81617
1974,20,Valéry GISCARD DESTAING,108020
1974,21,Valéry GISCARD DESTAING,116717
1974,22,François MITTERRAND,139431
1974,23,François MITTERRAND,61221
1974,24,François MITTERRAND,130026
1974,25,Valéry GISCARD DESTAING,101272
1974,26,François MITTERRAND,91955
1974,27,Valéry GISCARD DESTAING,105660
1974,28,Valéry GISCARD DESTAING,90409
1974,29,Valéry GISCARD DESTAING,262183
1974,30,François MITTERRAND,137237
1974,31,François MITTERRAND,213116
1974,32,François MITTERRAND,56719
1974,33,François MITTERRAND,288212
1974,34,François MITTERRAND,165471
1974,35,Valéry GISCARD DESTAING,205305
1974,36,François MITTERRAND,75691
1974,37,Valéry GISCARD DESTAING,117420
1974,38,François MITTERRAND,206894
1974,39,François MITTERRAND,60856
1974,40,François MITTERRAND,88811
1974,41,Valéry GISCARD DESTAING,69717
1974,42,Valéry GISCARD DESTAING,201828
1974,43,Valéry GISCARD DESTAING,71077
1974,44,Valéry GISCARD DESTAING,260354
1974,45,Valéry GISCARD DESTAING,116793
1974,46,François MITTERRAND,56764
1974,47,François MITTERRAND,66587
1974,48,Valéry GISCARD DESTAING,40236
1974,49,Valéry GISCARD DESTAING,201736
1974,50,Valéry GISCARD DESTAING,156562
1974,51,Valéry GISCARD DESTAING,124133
1974,52,Valéry GISCARD DESTAING,59300
1974,53,Valéry GISCARD DESTAING,90260
1974,54,Valéry GISCARD DESTAING,170160
1974,55,Valéry GISCARD DESTAING,69535
1974,56,Valéry GISCARD DESTAING,182719
1974,57,Valéry GISCARD DESTAING,225012
1974,58,François MITTERRAND,70381
1974,59,François MITTERRAND,669840
1974,60,François MITTERRAND,140090
1974,61,Valéry GISCARD DESTAING,88348
1974,62,François MITTERRAND,417869
1974,63,Valéry GISCARD DESTAING,165720
1974,64,Valéry GISCARD DESTAING,135101
1974,65,François MITTERRAND,84700
1974,66,Valéry GISCARD DESTAING,53569
1974,67,Valéry GISCARD DESTAING,292345
1974,68,Valéry GISCARD DESTAING,182019
1974,69,Valéry GISCARD DESTAING,328648
1974,70,François MITTERRAND,62214
1974,71,Valéry GISCARD DESTAING,139911
1974,72,Valéry GISCARD DESTAING,129602
1974,73,Valéry GISCARD DESTAING,97616
1974,74,Valéry GISCARD DESTAING,85360
1974,75,Valéry GISCARD DESTAING,614795
1974,76,François MITTERRAND,326474
1974,77,Valéry GISCARD DESTAING,150395
1974,78,Valéry GISCARD DESTAING,256183
1974,79,Valéry GISCARD DESTAING,101863
1974,80,François MITTERRAND,154425
1974,81,Valéry GISCARD DESTAING,89144
1974,82,François MITTERRAND,68941
1974,83,François MITTERRAND,156026
1974,84,Valéry GISCARD DESTAING,93569
1974,85,Valéry GISCARD DESTAING,163170
1974,86,François MITTERRAND,97138
1974,87,François MITTERRAND,111271
1974,88,Valéry GISCARD DESTAING,105167
1974,89,Valéry GISCARD DESTAING,74108
1974,90,François MITTERRAND,61412
1974,91,François MITTERRAND,175114
1974,92,Valéry GISCARD DESTAING,348516
1974,93,François MITTERRAND,338538
1974,94,François MITTERRAND,288083
1974,95,François MITTERRAND,156783
1981,01,Valéry GISCARD DESTAING,114327
1981,02,François MITTERRAND,175813
1981,03,François MITTERRAND,126244
1981,04,François MITTERRAND,39493
1981,05,François MITTERRAND,32236
1981,06,Valéry GISCARD DESTAING,265495
1981,07,François MITTERRAND,82945
1981,08,François MITTERRAND,92856
1981,09,François MITTERRAND,57162
1981,10,François MITTERRAND,79153
1981,11,François MITTERRAND,111970
1981,12,Valéry GISCARD DESTAING,93488
1981,13,François MITTERRAND,465917
1981,14,François MITTERRAND,165823
1981,15,Valéry GISCARD DESTAING,59342
1981,16,François MITTERRAND,117477
1981,17,François MITTERRAND,163058
1981,18,François MITTERRAND,98688
1981,19,François MITTERRAND,92849
1981,21,François MITTERRAND,132266
1981,22,François MITTERRAND,193146
1981,23,François MITTERRAND,52578
1981,24,François MITTERRAND,146464
1981,25,François MITTERRAND,131064
1981,26,François MITTERRAND,117106
1981,27,François MITTERRAND,134695
1981,28,Valéry GISCARD DESTAING,103353
1981,29,Valéry GISCARD DESTAING,258580
1981,2A,Valéry GISCARD DESTAING,41230
1981,2B,Valéry GISCARD DESTAING,35795
1981,30,François MITTERRAND,174300
1981,31,François MITTERRAND,268136
1981,32,François MITTERRAND,67637
1981,33,François MITTERRAND,356185
1981,34,François MITTERRAND,216017
1981,35,Valéry GISCARD DESTAING,227440
1981,36,François MITTERRAND,81631
1981,37,François MITTERRAND,145042
1981,38,François MITTERRAND,261935
1981,39,François MITTERRAND,76312
1981,40,François MITTERRAND,107032
1981,41,François MITTERRAND,90134
1981,42,François MITTERRAND,200287
1981,43,Valéry GISCARD DESTAING,73064
1981,44,Valéry GISCARD DESTAING,274713
1981,45,Valéry GISCARD DESTAING,151319
1981,46,François MITTERRAND,60804
1981,47,François MITTERRAND,104420
1981,48,Valéry GISCARD DESTAING,28881
1981,49,Valéry GISCARD DESTAING,209719
1981,50,Valéry GISCARD DESTAING,163434
1981,51,Valéry GISCARD DESTAING,144847
1981,52,François MITTERRAND,63498
1981,53,Valéry GISCARD DESTAING,96156
1981,54,François MITTERRAND,209973
1981,55,Valéry GISCARD DESTAING,61161
1981,56,Valéry GISCARD DESTAING,190276
1981,57,Valéry GISCARD DESTAING,271780
1981,58,François MITTERRAND,94867
1981,59,François MITTERRAND,761921
1981,60,François MITTERRAND,192459
1981,61,Valéry GISCARD DESTAING,96086
1981,62,François MITTERRAND,477346
1981,63,François MITTERRAND,172403
1981,64,Valéry GISCARD DESTAING,168051
1981,65,François MITTERRAND,84181
1981,66,François MITTERRAND,103952
1981,67,Valéry GISCARD DESTAING,314440
1981,68,Valéry GISCARD DESTAING,203973
1981,69,François MITTERRAND,352858
1981,70,François MITTERRAND,72833
1981,71,François MITTERRAND,171808
1981,72,François MITTERRAND,149459
1981,73,François MITTERRAND,90193
1981,74,Valéry GISCARD DESTAING,138245
1981,75,Valéry GISCARD DESTAING,544982
1981,76,François MITTERRAND,370238
1981,77,François MITTERRAND,235937
1981,78,Valéry GISCARD DESTAING,303503
1981,79,Valéry GISCARD DESTAING,108125
1981,80,François MITTERRAND,180256
1981,81,François MITTERRAND,117970
1981,82,François MITTERRAND,66176
1981,83,Valéry GISCARD DESTAING,203757
1981,84,François MITTERRAND,125491
1981,85,Valéry GISCARD DESTAING,175698
1981,86,François MITTERRAND,116889
1981,87,François MITTERRAND,137300
1981,88,Valéry GISCARD DESTAING,115611
1981,89,François MITTERRAND,91326
1981,90,François MITTERRAND,39099
1981,91,François MITTERRAND,280795
1981,92,François MITTERRAND,357580
1981,93,François MITTERRAND,375774
1981,94,François MITTERRAND,330093
1981,95,François MITTERRAND,252475
1988,01,Jacques CHIRAC,117621
1988,10,François MITTERRAND,81118
1988,11,François MITTERRAND,111709
1988,12,François MITTERRAND,91943
1988,13,François MITTERRAND,429180
1988,14,François MITTERRAND,189458
1988,15,Jacques CHIRAC,57907
1988,16,François MITTERRAND,125330
1988,17,François MITTERRAND,168163
1988,18,François MITTERRAND,104805
1988,19,François MITTERRAND,82855
1988,02,François MITTERRAND,187699
1988,21,François MITTERRAND,135472
1988,22,François MITTERRAND,211120
1988,23,François MITTERRAND,50811
1988,24,François MITTERRAND,146156
1988,25,François MITTERRAND,137136
1988,26,François MITTERRAND,118236
1988,27,François MITTERRAND,153981
1988,28,François MITTERRAND,113993
1988,29,François MITTERRAND,281128
1988,2A,Jacques CHIRAC,39740
1988,2B,Jacques CHIRAC,44100
1988,03,François MITTERRAND,125709
1988,30,François MITTERRAND,174078
1988,31,François MITTERRAND,287139
1988,32,François MITTERRAND,66456
1988,33,François MITTERRAND,362978
1988,34,François MITTERRAND,225556
1988,35,François MITTERRAND,240984
1988,36,François MITTERRAND,88649
1988,37,François MITTERRAND,159299
1988,38,François MITTERRAND,278841
1988,39,François MITTERRAND,78297
1988,04,François MITTERRAND,42645
1988,40,François MITTERRAND,115012
1988,41,François MITTERRAND,99674
1988,42,François MITTERRAND,196872
1988,43,Jacques CHIRAC,66776
1988,44,François MITTERRAND,313263
1988,45,François MITTERRAND,154224
1988,46,François MITTERRAND,60953
1988,47,François MITTERRAND,101155
1988,48,Jacques CHIRAC,27648
1988,49,Jacques CHIRAC,194444
1988,05,Jacques CHIRAC,34290
1988,50,Jacques CHIRAC,143073
1988,51,François MITTERRAND,153323
1988,52,François MITTERRAND,65120
1988,53,Jacques CHIRAC,85712
1988,54,François MITTERRAND,217369
1988,55,François MITTERRAND,62443
1988,56,François MITTERRAND,196131
1988,57,François MITTERRAND,297237
1988,58,François MITTERRAND,93970
1988,59,François MITTERRAND,805236
1988,06,Jacques CHIRAC,306473
1988,60,François MITTERRAND,214255
1988,61,François MITTERRAND,89282
1988,62,François MITTERRAND,529208
1988,63,François MITTERRAND,182213
1988,64,François MITTERRAND,172155
1988,65,François MITTERRAND,83196
1988,66,François MITTERRAND,107358
1988,67,Jacques CHIRAC,252210
1988,68,François MITTERRAND,173479
1988,69,Jacques CHIRAC,360333
1988,07,François MITTERRAND,88528
1988,70,François MITTERRAND,77165
1988,71,François MITTERRAND,176335
1988,72,François MITTERRAND,171521
1988,73,François MITTERRAND,93402
1988,74,Jacques CHIRAC,153371
1988,75,Jacques CHIRAC,529655
1988,76,François MITTERRAND,398619
1988,77,François MITTERRAND,260124
1988,78,Jacques CHIRAC,333910
1988,79,François MITTERRAND,112010
1988,08,François MITTERRAND,94642
1988,80,François MITTERRAND,194286
1988,81,François MITTERRAND,119359
1988,82,François MITTERRAND,67550
1988,83,Jacques CHIRAC,247097
1988,84,François MITTERRAND,125511
1988,85,Jacques CHIRAC,166711
1988,86,François MITTERRAND,126209
1988,87,François MITTERRAND,135927
1988,88,François MITTERRAND,123281
1988,89,François MITTERRAND,94794
1988,09,François MITTERRAND,58073
1988,90,François MITTERRAND,39956
1988,91,François MITTERRAND,282319
1988,92,Jacques CHIRAC,339270
1988,93,François MITTERRAND,327567
1988,94,François MITTERRAND,304980
1988,95,François MITTERRAND,252724
1995,01,Jacques CHIRAC,134783
1995,10,Jacques CHIRAC,81179
1995,11,Lionel JOSPIN,99411
1995,12,Jacques CHIRAC,96496
1995,13,Jacques CHIRAC,434237
1995,14,Jacques CHIRAC,172146
1995,15,Jacques CHIRAC,64431
1995,16,Lionel JOSPIN,103519
1995,17,Jacques CHIRAC,156135
1995,18,Jacques CHIRAC,86428
1995,19,Jacques CHIRAC,95569
1995,02,Lionel JOSPIN,156883
1995,21,Jacques CHIRAC,135335
1995,22,Lionel JOSPIN,185233
1995,23,Jacques CHIRAC,44613
1995,24,Jacques CHIRAC,122482
1995,25,Jacques CHIRAC,133641
1995,26,Jacques CHIRAC,117174
1995,27,Jacques CHIRAC,144194
1995,28,Jacques CHIRAC,111404
1995,29,Jacques CHIRAC,253843
1995,2A,Jacques CHIRAC,36424
1995,2B,Jacques CHIRAC,41108
1995,03,Lionel JOSPIN,101223
1995,30,Jacques CHIRAC,160972
1995,31,Lionel JOSPIN,274029
1995,32,Lionel JOSPIN,55345
1995,33,Lionel JOSPIN,327351
1995,34,Jacques CHIRAC,225030
1995,35,Jacques CHIRAC,231929
1995,36,Lionel JOSPIN,69784
1995,37,Jacques CHIRAC,140376
1995,38,Lionel JOSPIN,247332
1995,39,Jacques CHIRAC,71589
1995,04,Jacques CHIRAC,41460
1995,40,Lionel JOSPIN,103989
1995,41,Jacques CHIRAC,90219
1995,42,Jacques CHIRAC,195428
1995,43,Jacques CHIRAC,71981
1995,44,Jacques CHIRAC,292077
1995,45,Jacques CHIRAC,168406
1995,46,Lionel JOSPIN,53351
1995,47,Jacques CHIRAC,92025
1995,48,Jacques CHIRAC,28978
1995,49,Jacques CHIRAC,214468
1995,05,Jacques CHIRAC,37372
1995,50,Jacques CHIRAC,160911
1995,51,Jacques CHIRAC,147230
1995,52,Jacques CHIRAC,56716
1995,53,Jacques CHIRAC,95580
1995,54,Lionel JOSPIN,181544
1995,55,Jacques CHIRAC,56099
1995,56,Jacques CHIRAC,215038
1995,57,Jacques CHIRAC,264197
1995,58,Lionel JOSPIN,76563
1995,59,Lionel JOSPIN,664653
1995,06,Jacques CHIRAC,321442
1995,60,Jacques CHIRAC,188559
1995,61,Jacques CHIRAC,95822
1995,62,Lionel JOSPIN,440736
1995,63,Jacques CHIRAC,165484
1995,64,Jacques CHIRAC,182017
1995,65,Lionel JOSPIN,71373
1995,66,Jacques CHIRAC,104700
1995,67,Jacques CHIRAC,275203
1995,68,Jacques CHIRAC,188188
1995,69,Jacques CHIRAC,394783
1995,07,Jacques CHIRAC,84836
1995,70,Jacques CHIRAC,67334
1995,71,Jacques CHIRAC,154044
1995,72,Lionel JOSPIN,144695
1995,73,Jacques CHIRAC,105127
1995,74,Jacques CHIRAC,179125
1995,75,Jacques CHIRAC,524619
1995,76,Lionel JOSPIN,328426
1995,77,Jacques CHIRAC,284748
1995,78,Jacques CHIRAC,385227
1995,79,Jacques CHIRAC,106494
1995,08,Lionel JOSPIN,78353
1995,80,Lionel JOSPIN,163254
1995,81,Lionel JOSPIN,103314
1995,82,Jacques CHIRAC,61045
1995,83,Jacques CHIRAC,269612
1995,84,Jacques CHIRAC,135336
1995,85,Jacques CHIRAC,188222
1995,86,Jacques CHIRAC,109371
1995,87,Lionel JOSPIN,107691
1995,88,Jacques CHIRAC,108887
1995,89,Jacques CHIRAC,95791
1995,09,Lionel JOSPIN,51182
1995,90,Lionel JOSPIN,34326
1995,91,Jacques CHIRAC,277012
1995,92,Jacques CHIRAC,364214
1995,93,Lionel JOSPIN,246125
1995,94,Jacques CHIRAC,271531
1995,95,Jacques CHIRAC,243823
2002,01,Jacques CHIRAC,204031
2002,10,Jacques CHIRAC,112457
2002,11,Jacques CHIRAC,139857
2002,12,Jacques CHIRAC,150292
2002,13,Jacques CHIRAC,638688
2002,14,Jacques CHIRAC,295887
2002,15,Jacques CHIRAC,86078
2002,16,Jacques CHIRAC,165014
2002,17,Jacques CHIRAC,268309
2002,18,Jacques CHIRAC,142411
2002,19,Jacques CHIRAC,134991
2002,02,Jacques CHIRAC,207910
2002,21,Jacques CHIRAC,207876
2002,22,Jacques CHIRAC,300021
2002,23,Jacques CHIRAC,68314
2002,24,Jacques CHIRAC,204993
2002,25,Jacques CHIRAC,212719
2002,26,Jacques CHIRAC,190048
2002,27,Jacques CHIRAC,226071
2002,28,Jacques CHIRAC,168207
2002,29,Jacques CHIRAC,446636
2002,2A,Jacques CHIRAC,43557
2002,2B,Jacques CHIRAC,53154
2002,03,Jacques CHIRAC,164610
2002,30,Jacques CHIRAC,248906
2002,31,Jacques CHIRAC,463850
2002,32,Jacques CHIRAC,91057
2002,33,Jacques CHIRAC,561009
2002,34,Jacques CHIRAC,363019
2002,35,Jacques CHIRAC,439600
2002,36,Jacques CHIRAC,113006
2002,37,Jacques CHIRAC,249483
2002,38,Jacques CHIRAC,449082
2002,39,Jacques CHIRAC,112892
2002,04,Jacques CHIRAC,66456
2002,40,Jacques CHIRAC,174994
2002,41,Jacques CHIRAC,144758
2002,42,Jacques CHIRAC,289594
2002,43,Jacques CHIRAC,105116
2002,44,Jacques CHIRAC,561600
2002,45,Jacques CHIRAC,257597
2002,46,Jacques CHIRAC,89690
2002,47,Jacques CHIRAC,138348
2002,48,Jacques CHIRAC,39715
2002,49,Jacques CHIRAC,353118
2002,05,Jacques CHIRAC,60756
2002,50,Jacques CHIRAC,237090
2002,51,Jacques CHIRAC,218629
2002,52,Jacques CHIRAC,80660
2002,53,Jacques CHIRAC,148982
2002,54,Jacques CHIRAC,287148
2002,55,Jacques CHIRAC,81905
2002,56,Jacques CHIRAC,337131
2002,57,Jacques CHIRAC,408850
2002,58,Jacques CHIRAC,102078
2002,59,Jacques CHIRAC,989046
2002,06,Jacques CHIRAC,357143
2002,60,Jacques CHIRAC,287054
2002,61,Jacques CHIRAC,135900
2002,62,Jacques CHIRAC,600597
2002,63,Jacques CHIRAC,286928
2002,64,Jacques CHIRAC,304383
2002,65,Jacques CHIRAC,112495
2002,66,Jacques CHIRAC,160563
2002,67,Jacques CHIRAC,406057
2002,68,Jacques CHIRAC,280701
2002,69,Jacques CHIRAC,587749
2002,07,Jacques CHIRAC,140208
2002,70,Jacques CHIRAC,99154
2002,71,Jacques CHIRAC,241719
2002,72,Jacques CHIRAC,246356
2002,73,Jacques CHIRAC,163588
2002,74,Jacques CHIRAC,262567
2002,75,Jacques CHIRAC,784741
2002,76,Jacques CHIRAC,526653
2002,77,Jacques CHIRAC,444844
2002,78,Jacques CHIRAC,556802
2002,79,Jacques CHIRAC,186376
2002,08,Jacques CHIRAC,106793
2002,80,Jacques CHIRAC,237353
2002,81,Jacques CHIRAC,169494
2002,82,Jacques CHIRAC,94589
2002,83,Jacques CHIRAC,346241
2002,84,Jacques CHIRAC,186546
2002,85,Jacques CHIRAC,297854
2002,86,Jacques CHIRAC,198063
2002,87,Jacques CHIRAC,182431
2002,88,Jacques CHIRAC,168540
2002,89,Jacques CHIRAC,138779
2002,09,Jacques CHIRAC,69400
2002,90,Jacques CHIRAC,52827
2002,91,Jacques CHIRAC,448940
2002,92,Jacques CHIRAC,560435
2002,93,Jacques CHIRAC,382424
2002,94,Jacques CHIRAC,448375
2002,95,Jacques CHIRAC,382990
2002,971,Jacques CHIRAC,93038
2002,972,Jacques CHIRAC,108562
2002,973,Jacques CHIRAC,19726
2002,974,Jacques CHIRAC,277997
2002,975,Jacques CHIRAC,2880
2002,985,Jacques CHIRAC,17844
2002,986,Jacques CHIRAC,5777
2002,987,Jacques CHIRAC,70386
2002,988,Jacques CHIRAC,49816
2007,01,Nicolas SARKOZY,185165
2007,10,Nicolas SARKOZY,101281
2007,11,Ségolène ROYAL,109194
2007,12,Nicolas SARKOZY,93433
2007,13,Nicolas SARKOZY,597318
2007,14,Nicolas SARKOZY,203583
2007,15,Nicolas SARKOZY,56981
2007,16,Ségolène ROYAL,112632
2007,17,Nicolas SARKOZY,193372
2007,18,Nicolas SARKOZY,94447
2007,19,Ségolène ROYAL,82909
2007,02,Nicolas SARKOZY,161665
2007,21,Nicolas SARKOZY,162217
2007,22,Ségolène ROYAL,210577
2007,23,Ségolène ROYAL,43043
2007,24,Ségolène ROYAL,139604
2007,25,Nicolas SARKOZY,162972
2007,26,Nicolas SARKOZY,152482
2007,27,Nicolas SARKOZY,188416
2007,28,Nicolas SARKOZY,138452
2007,29,Ségolène ROYAL,301788
2007,2A,Nicolas SARKOZY,43844
2007,2B,Nicolas SARKOZY,49927
2007,03,Ségolène ROYAL,107442
2007,30,Nicolas SARKOZY,226132
2007,31,Ségolène ROYAL,357716
2007,32,Ségolène ROYAL,62418
2007,33,Ségolène ROYAL,409550
2007,34,Nicolas SARKOZY,311465
2007,35,Ségolène ROYAL,292606
2007,36,Ségolène ROYAL,71818
2007,37,Nicolas SARKOZY,174646
2007,38,Nicolas SARKOZY,335123
2007,39,Nicolas SARKOZY,84605
2007,04,Nicolas SARKOZY,52684
2007,40,Ségolène ROYAL,125638
2007,41,Nicolas SARKOZY,109232
2007,42,Nicolas SARKOZY,221648
2007,43,Nicolas SARKOZY,77084
2007,44,Ségolène ROYAL,391655
2007,45,Nicolas SARKOZY,207861
2007,46,Ségolène ROYAL,63945
2007,47,Nicolas SARKOZY,107261
2007,48,Nicolas SARKOZY,28098
2007,49,Nicolas SARKOZY,242330
2007,05,Nicolas SARKOZY,45951
2007,50,Nicolas SARKOZY,171038
2007,51,Nicolas SARKOZY,177028
2007,52,Nicolas SARKOZY,66776
2007,53,Nicolas SARKOZY,100844
2007,54,Nicolas SARKOZY,199441
2007,55,Nicolas SARKOZY,64701
2007,56,Nicolas SARKOZY,228053
2007,57,Nicolas SARKOZY,325371
2007,58,Ségolène ROYAL,72258
2007,59,Nicolas SARKOZY,721506
2007,06,Nicolas SARKOZY,399120
2007,60,Nicolas SARKOZY,252728
2007,61,Nicolas SARKOZY,101634
2007,62,Ségolène ROYAL,445273
2007,63,Ségolène ROYAL,197914
2007,64,Ségolène ROYAL,205497
2007,65,Ségolène ROYAL,83596
2007,66,Nicolas SARKOZY,143043
2007,67,Nicolas SARKOZY,376563
2007,68,Nicolas SARKOZY,264756
2007,69,Nicolas SARKOZY,485628
2007,07,Nicolas SARKOZY,100414
2007,70,Nicolas SARKOZY,81919
2007,71,Nicolas SARKOZY,173893
2007,72,Nicolas SARKOZY,162455
2007,73,Nicolas SARKOZY,134304
2007,74,Nicolas SARKOZY,241465
2007,75,Nicolas SARKOZY,511920
2007,76,Nicolas SARKOZY,354988
2007,77,Nicolas SARKOZY,367080
2007,78,Nicolas SARKOZY,435014
2007,79,Ségolène ROYAL,123966
2007,08,Nicolas SARKOZY,84606
2007,80,Nicolas SARKOZY,168317
2007,81,Ségolène ROYAL,117836
2007,82,Nicolas SARKOZY,73925
2007,83,Nicolas SARKOZY,382344
2007,84,Nicolas SARKOZY,184706
2007,85,Nicolas SARKOZY,220680
2007,86,Ségolène ROYAL,127029
2007,87,Ségolène ROYAL,123518
2007,88,Nicolas SARKOZY,125734
2007,89,Nicolas SARKOZY,115458
2007,09,Ségolène ROYAL,56628
2007,90,Nicolas SARKOZY,41660
2007,91,Nicolas SARKOZY,319170
2007,92,Nicolas SARKOZY,416666
2007,93,Ségolène ROYAL,319205
2007,94,Ségolène ROYAL,304978
2007,95,Nicolas SARKOZY,288062
2007,971,Ségolène ROYAL,95500
2007,972,Ségolène ROYAL,108522
2007,973,Nicolas SARKOZY,20311
2007,974,Ségolène ROYAL,242738
2007,975,Ségolène ROYAL,17698
2007,985,Nicolas SARKOZY,61337
2007,986,Nicolas SARKOZY,64052
2007,987,Ségolène ROYAL,2143
2007,988,Nicolas SARKOZY,3866
2007,99,Nicolas SARKOZY,183613
2012,01,Nicolas SARKOZY,175741
2012,02,François HOLLANDE,147260
2012,03,François HOLLANDE,111615
2012,04,François HOLLANDE,49498
2012,05,François HOLLANDE,42435
2012,06,Nicolas SARKOZY,366055
2012,07,François HOLLANDE,101526
2012,08,François HOLLANDE,75631
2012,09,François HOLLANDE,59466
2012,10,Nicolas SARKOZY,88213
2012,11,François HOLLANDE,115400
2012,12,François HOLLANDE,95302
2012,13,Nicolas SARKOZY,531652
2012,14,François HOLLANDE,205544
2012,15,François HOLLANDE,49543
2012,16,François HOLLANDE,118100
2012,17,François HOLLANDE,188387
2012,18,François HOLLANDE,92857
2012,19,François HOLLANDE,98764
2012,21,Nicolas SARKOZY,143557
2012,22,François HOLLANDE,217609
2012,23,François HOLLANDE,45870
2012,24,François HOLLANDE,148011
2012,25,Nicolas SARKOZY,145279
2012,26,Nicolas SARKOZY,139436
2012,27,Nicolas SARKOZY,166949
2012,28,Nicolas SARKOZY,121452
2012,29,François HOLLANDE,319789
2012,2A,Nicolas SARKOZY,41835
2012,2B,Nicolas SARKOZY,46965
2012,30,Nicolas SARKOZY,202995
2012,31,François HOLLANDE,388800
2012,32,François HOLLANDE,65606
2012,33,François HOLLANDE,448634
2012,34,François HOLLANDE,296422
2012,35,François HOLLANDE,310905
2012,36,François HOLLANDE,73616
2012,37,François HOLLANDE,165293
2012,38,François HOLLANDE,331448
2012,39,Nicolas SARKOZY,74004
2012,40,François HOLLANDE,134872
2012,41,Nicolas SARKOZY,98275
2012,42,François HOLLANDE,196522
2012,43,François HOLLANDE,70488
2012,44,François HOLLANDE,419484
2012,45,Nicolas SARKOZY,183671
2012,46,François HOLLANDE,67981
2012,47,François HOLLANDE,96766
2012,48,Nicolas SARKOZY,24036
2012,49,Nicolas SARKOZY,223644
2012,50,Nicolas SARKOZY,147591
2012,51,Nicolas SARKOZY,156160
2012,52,Nicolas SARKOZY,56085
2012,53,Nicolas SARKOZY,92647
2012,54,François HOLLANDE,196628
2012,55,Nicolas SARKOZY,56898
2012,56,François HOLLANDE,229248
2012,57,Nicolas SARKOZY,291368
2012,58,François HOLLANDE,73424
2012,59,François HOLLANDE,692273
2012,60,Nicolas SARKOZY,217732
2012,61,Nicolas SARKOZY,87087
2012,62,François HOLLANDE,450103
2012,63,François HOLLANDE,212597
2012,64,François HOLLANDE,218964
2012,65,François HOLLANDE,86809
2012,66,François HOLLANDE,127625
2012,67,Nicolas SARKOZY,359011
2012,68,Nicolas SARKOZY,246535
2012,69,Nicolas SARKOZY,443370
2012,70,Nicolas SARKOZY,69659
2012,71,François HOLLANDE,160751
2012,72,François HOLLANDE,162975
2012,73,Nicolas SARKOZY,122233
2012,74,Nicolas SARKOZY,232928
2012,75,François HOLLANDE,560461
2012,76,François HOLLANDE,366616
2012,77,Nicolas SARKOZY,325147
2012,78,Nicolas SARKOZY,395683
2012,79,François HOLLANDE,122858
2012,80,François HOLLANDE,170529
2012,81,François HOLLANDE,125133
2012,82,François HOLLANDE,71186
2012,83,Nicolas SARKOZY,364466
2012,84,Nicolas SARKOZY,168758
2012,85,Nicolas SARKOZY,217484
2012,86,François HOLLANDE,134754
2012,87,François HOLLANDE,133467
2012,88,Nicolas SARKOZY,109404
2012,89,Nicolas SARKOZY,98122
2012,90,François HOLLANDE,35866
2012,91,François HOLLANDE,317663
2012,92,Nicolas SARKOZY,376816
2012,93,François HOLLANDE,353260
2012,94,François HOLLANDE,333347
2012,95,François HOLLANDE,289520
2012,971,François HOLLANDE,123737
2012,972,François HOLLANDE,114527
2012,973,François HOLLANDE,25880
2012,974,François HOLLANDE,286109
2012,975,François HOLLANDE,2080
2012,979,Nicolas SARKOZY,5641
2012,985,Nicolas SARKOZY,19676
2012,986,François HOLLANDE,3795
2012,987,Nicolas SARKOZY,52825
2012,988,Nicolas SARKOZY,61772
2012,99,Nicolas SARKOZY,236160
