Quelques remarques,Année
"Estimation de population au 1er janvier, par département, sexe et grande classe d'âge",2023
Source : Insee - Estimations de population,2023
Données actualisées au 5 janvier 2023,2023
,2023
,2023
"La population des départements est présentée ici par sexe et selon 5 grandes classes d'âge : 0-19 ans, 20-39 ans, 40-59 ans, 60-69 ans, 75 ans et plus.",2023
,2023
L'âge s'entend comme l'âge atteint au 1er janvier de l'année considérée.,2023
"De 1975 à 1989, les estimations de population sont disponibles uniquement pour la métropole. De 1990 à 2023 le champ couvre l'ensemble des départements de France.
Mayotte, devenu un département d'outre-mer, est intégré au champ France à partir de l'année 2014.",2023
"Les mêmes données sont présentées, par ailleurs, au niveau régional.",2023
,2023
"Les estimations de population par sexe et âge pour les années 2021, 2022 et 2023 sont provisoires. Elles seront révisées début 2024 lorsque seront disponibles les résultats définitifs du nouveau recensement daté du 1er janvier 2021.",2023
"Estimation de population au 1er janvier, par département, sexe et grande classe d'âge",2022
Source : Insee - Estimations de population,2022
Données actualisées au 5 janvier 2023,2022
,2022
,2022
"La population des départements est présentée ici par sexe et selon 5 grandes classes d'âge : 0-19 ans, 20-39 ans, 40-59 ans, 60-69 ans, 75 ans et plus.",2022
,2022
L'âge s'entend comme l'âge atteint au 1er janvier de l'année considérée.,2022
"De 1975 à 1989, les estimations de population sont disponibles uniquement pour la métropole. De 1990 à 2023 le champ couvre l'ensemble des départements de France.
Mayotte, devenu un département d'outre-mer, est intégré au champ France à partir de l'année 2014.",2022
"Les mêmes données sont présentées, par ailleurs, au niveau régional.",2022
,2022
"Les estimations de population par sexe et âge pour les années 2021, 2022 et 2023 sont provisoires. Elles seront révisées début 2024 lorsque seront disponibles les résultats définitifs du nouveau recensement daté du 1er janvier 2021.",2022
"Estimation de population au 1er janvier, par département, sexe et grande classe d'âge",2021
Source : Insee - Estimations de population,2021
Données actualisées au 5 janvier 2023,2021
,2021
,2021
"La population des départements est présentée ici par sexe et selon 5 grandes classes d'âge : 0-19 ans, 20-39 ans, 40-59 ans, 60-69 ans, 75 ans et plus.",2021
,2021
L'âge s'entend comme l'âge atteint au 1er janvier de l'année considérée.,2021
"De 1975 à 1989, les estimations de population sont disponibles uniquement pour la métropole. De 1990 à 2023 le champ couvre l'ensemble des départements de France.
Mayotte, devenu un département d'outre-mer, est intégré au champ France à partir de l'année 2014.",2021
"Les mêmes données sont présentées, par ailleurs, au niveau régional.",2021
,2021
"Les estimations de population par sexe et âge pour les années 2021, 2022 et 2023 sont provisoires. Elles seront révisées début 2024 lorsque seront disponibles les résultats définitifs du nouveau recensement daté du 1er janvier 2021.",2021
"Estimation de population au 1er janvier, par département, sexe et grande classe d'âge",2020
Source : Insee - Estimations de population,2020
Données actualisées au 5 janvier 2023,2020
,2020
,2020
"La population des départements est présentée ici par sexe et selon 5 grandes classes d'âge : 0-19 ans, 20-39 ans, 40-59 ans, 60-69 ans, 75 ans et plus.",2020
,2020
L'âge s'entend comme l'âge atteint au 1er janvier de l'année considérée.,2020
"De 1975 à 1989, les estimations de population sont disponibles uniquement pour la métropole. De 1990 à 2023 le champ couvre l'ensemble des départements de France.
Mayotte, devenu un département d'outre-mer, est intégré au champ France à partir de l'année 2014.",2020
"Les mêmes données sont présentées, par ailleurs, au niveau régional.",2020
,2020
"Les estimations de population par sexe et âge pour les années 2021, 2022 et 2023 sont provisoires. Elles seront révisées début 2024 lorsque seront disponibles les résultats définitifs du nouveau recensement daté du 1er janvier 2021.",2020
"Estimation de population au 1er janvier, par département, sexe et grande classe d'âge",2019
Source : Insee - Estimations de population,2019
Données actualisées au 5 janvier 2023,2019
,2019
,2019
"La population des départements est présentée ici par sexe et selon 5 grandes classes d'âge : 0-19 ans, 20-39 ans, 40-59 ans, 60-69 ans, 75 ans et plus.",2019
,2019
L'âge s'entend comme l'âge atteint au 1er janvier de l'année considérée.,2019
"De 1975 à 1989, les estimations de population sont disponibles uniquement pour la métropole. De 1990 à 2023 le champ couvre l'ensemble des départements de France.
Mayotte, devenu un département d'outre-mer, est intégré au champ France à partir de l'année 2014.",2019
"Les mêmes données sont présentées, par ailleurs, au niveau régional.",2019
,2019
"Les estimations de population par sexe et âge pour les années 2021, 2022 et 2023 sont provisoires. Elles seront révisées début 2024 lorsque seront disponibles les résultats définitifs du nouveau recensement daté du 1er janvier 2021.",2019
"Estimation de population au 1er janvier, par département, sexe et grande classe d'âge",2018
Source : Insee - Estimations de population,2018
Données actualisées au 5 janvier 2023,2018
,2018
,2018
"La population des départements est présentée ici par sexe et selon 5 grandes classes d'âge : 0-19 ans, 20-39 ans, 40-59 ans, 60-69 ans, 75 ans et plus.",2018
,2018
L'âge s'entend comme l'âge atteint au 1er janvier de l'année considérée.,2018
"De 1975 à 1989, les estimations de population sont disponibles uniquement pour la métropole. De 1990 à 2023 le champ couvre l'ensemble des départements de France.
Mayotte, devenu un département d'outre-mer, est intégré au champ France à partir de l'année 2014.",2018
"Les mêmes données sont présentées, par ailleurs, au niveau régional.",2018
,2018
"Les estimations de population par sexe et âge pour les années 2021, 2022 et 2023 sont provisoires. Elles seront révisées début 2024 lorsque seront disponibles les résultats définitifs du nouveau recensement daté du 1er janvier 2021.",2018
"Estimation de population au 1er janvier, par département, sexe et grande classe d'âge",2017
Source : Insee - Estimations de population,2017
Données actualisées au 5 janvier 2023,2017
,2017
,2017
"La population des départements est présentée ici par sexe et selon 5 grandes classes d'âge : 0-19 ans, 20-39 ans, 40-59 ans, 60-69 ans, 75 ans et plus.",2017
,2017
L'âge s'entend comme l'âge atteint au 1er janvier de l'année considérée.,2017
"De 1975 à 1989, les estimations de population sont disponibles uniquement pour la métropole. De 1990 à 2023 le champ couvre l'ensemble des départements de France.
Mayotte, devenu un département d'outre-mer, est intégré au champ France à partir de l'année 2014.",2017
"Les mêmes données sont présentées, par ailleurs, au niveau régional.",2017
,2017
"Les estimations de population par sexe et âge pour les années 2021, 2022 et 2023 sont provisoires. Elles seront révisées début 2024 lorsque seront disponibles les résultats définitifs du nouveau recensement daté du 1er janvier 2021.",2017
"Estimation de population au 1er janvier, par département, sexe et grande classe d'âge",2016
Source : Insee - Estimations de population,2016
Données actualisées au 5 janvier 2023,2016
,2016
,2016
"La population des départements est présentée ici par sexe et selon 5 grandes classes d'âge : 0-19 ans, 20-39 ans, 40-59 ans, 60-69 ans, 75 ans et plus.",2016
,2016
L'âge s'entend comme l'âge atteint au 1er janvier de l'année considérée.,2016
"De 1975 à 1989, les estimations de population sont disponibles uniquement pour la métropole. De 1990 à 2023 le champ couvre l'ensemble des départements de France.
Mayotte, devenu un département d'outre-mer, est intégré au champ France à partir de l'année 2014.",2016
"Les mêmes données sont présentées, par ailleurs, au niveau régional.",2016
,2016
"Les estimations de population par sexe et âge pour les années 2021, 2022 et 2023 sont provisoires. Elles seront révisées début 2024 lorsque seront disponibles les résultats définitifs du nouveau recensement daté du 1er janvier 2021.",2016
"Estimation de population au 1er janvier, par département, sexe et grande classe d'âge",2015
Source : Insee - Estimations de population,2015
Données actualisées au 5 janvier 2023,2015
,2015
,2015
"La population des départements est présentée ici par sexe et selon 5 grandes classes d'âge : 0-19 ans, 20-39 ans, 40-59 ans, 60-69 ans, 75 ans et plus.",2015
,2015
L'âge s'entend comme l'âge atteint au 1er janvier de l'année considérée.,2015
"De 1975 à 1989, les estimations de population sont disponibles uniquement pour la métropole. De 1990 à 2023 le champ couvre l'ensemble des départements de France.
Mayotte, devenu un département d'outre-mer, est intégré au champ France à partir de l'année 2014.",2015
"Les mêmes données sont présentées, par ailleurs, au niveau régional.",2015
,2015
"Les estimations de population par sexe et âge pour les années 2021, 2022 et 2023 sont provisoires. Elles seront révisées début 2024 lorsque seront disponibles les résultats définitifs du nouveau recensement daté du 1er janvier 2021.",2015
"Estimation de population au 1er janvier, par département, sexe et grande classe d'âge",2014
Source : Insee - Estimations de population,2014
Données actualisées au 5 janvier 2023,2014
,2014
,2014
"La population des départements est présentée ici par sexe et selon 5 grandes classes d'âge : 0-19 ans, 20-39 ans, 40-59 ans, 60-69 ans, 75 ans et plus.",2014
,2014
L'âge s'entend comme l'âge atteint au 1er janvier de l'année considérée.,2014
"De 1975 à 1989, les estimations de population sont disponibles uniquement pour la métropole. De 1990 à 2023 le champ couvre l'ensemble des départements de France.
Mayotte, devenu un département d'outre-mer, est intégré au champ France à partir de l'année 2014.",2014
"Les mêmes données sont présentées, par ailleurs, au niveau régional.",2014
,2014
"Les estimations de population par sexe et âge pour les années 2021, 2022 et 2023 sont provisoires. Elles seront révisées début 2024 lorsque seront disponibles les résultats définitifs du nouveau recensement daté du 1er janvier 2021.",2014
"Estimation de population au 1er janvier, par département, sexe et grande classe d'âge",2013
Source : Insee - Estimations de population,2013
Données actualisées au 5 janvier 2023,2013
,2013
,2013
"La population des départements est présentée ici par sexe et selon 5 grandes classes d'âge : 0-19 ans, 20-39 ans, 40-59 ans, 60-69 ans, 75 ans et plus.",2013
,2013
L'âge s'entend comme l'âge atteint au 1er janvier de l'année considérée.,2013
"De 1975 à 1989, les estimations de population sont disponibles uniquement pour la métropole. De 1990 à 2023 le champ couvre l'ensemble des départements de France.
Mayotte, devenu un département d'outre-mer, est intégré au champ France à partir de l'année 2014.",2013
"Les mêmes données sont présentées, par ailleurs, au niveau régional.",2013
,2013
"Les estimations de population par sexe et âge pour les années 2021, 2022 et 2023 sont provisoires. Elles seront révisées début 2024 lorsque seront disponibles les résultats définitifs du nouveau recensement daté du 1er janvier 2021.",2013
"Estimation de population au 1er janvier, par département, sexe et grande classe d'âge",2012
Source : Insee - Estimations de population,2012
Données actualisées au 5 janvier 2023,2012
,2012
,2012
"La population des départements est présentée ici par sexe et selon 5 grandes classes d'âge : 0-19 ans, 20-39 ans, 40-59 ans, 60-69 ans, 75 ans et plus.",2012
,2012
L'âge s'entend comme l'âge atteint au 1er janvier de l'année considérée.,2012
"De 1975 à 1989, les estimations de population sont disponibles uniquement pour la métropole. De 1990 à 2023 le champ couvre l'ensemble des départements de France.
Mayotte, devenu un département d'outre-mer, est intégré au champ France à partir de l'année 2014.",2012
"Les mêmes données sont présentées, par ailleurs, au niveau régional.",2012
,2012
"Les estimations de population par sexe et âge pour les années 2021, 2022 et 2023 sont provisoires. Elles seront révisées début 2024 lorsque seront disponibles les résultats définitifs du nouveau recensement daté du 1er janvier 2021.",2012
"Estimation de population au 1er janvier, par département, sexe et grande classe d'âge",2011
Source : Insee - Estimations de population,2011
Données actualisées au 5 janvier 2023,2011
,2011
,2011
"La population des départements est présentée ici par sexe et selon 5 grandes classes d'âge : 0-19 ans, 20-39 ans, 40-59 ans, 60-69 ans, 75 ans et plus.",2011
,2011
L'âge s'entend comme l'âge atteint au 1er janvier de l'année considérée.,2011
"De 1975 à 1989, les estimations de population sont disponibles uniquement pour la métropole. De 1990 à 2023 le champ couvre l'ensemble des départements de France.
Mayotte, devenu un département d'outre-mer, est intégré au champ France à partir de l'année 2014.",2011
"Les mêmes données sont présentées, par ailleurs, au niveau régional.",2011
,2011
"Les estimations de population par sexe et âge pour les années 2021, 2022 et 2023 sont provisoires. Elles seront révisées début 2024 lorsque seront disponibles les résultats définitifs du nouveau recensement daté du 1er janvier 2021.",2011
"Estimation de population au 1er janvier, par département, sexe et grande classe d'âge",2010
Source : Insee - Estimations de population,2010
Données actualisées au 5 janvier 2023,2010
,2010
,2010
"La population des départements est présentée ici par sexe et selon 5 grandes classes d'âge : 0-19 ans, 20-39 ans, 40-59 ans, 60-69 ans, 75 ans et plus.",2010
,2010
L'âge s'entend comme l'âge atteint au 1er janvier de l'année considérée.,2010
"De 1975 à 1989, les estimations de population sont disponibles uniquement pour la métropole. De 1990 à 2023 le champ couvre l'ensemble des départements de France.
Mayotte, devenu un département d'outre-mer, est intégré au champ France à partir de l'année 2014.",2010
"Les mêmes données sont présentées, par ailleurs, au niveau régional.",2010
,2010
"Les estimations de population par sexe et âge pour les années 2021, 2022 et 2023 sont provisoires. Elles seront révisées début 2024 lorsque seront disponibles les résultats définitifs du nouveau recensement daté du 1er janvier 2021.",2010
"Estimation de population au 1er janvier, par département, sexe et grande classe d'âge",2009
Source : Insee - Estimations de population,2009
Données actualisées au 5 janvier 2023,2009
,2009
,2009
"La population des départements est présentée ici par sexe et selon 5 grandes classes d'âge : 0-19 ans, 20-39 ans, 40-59 ans, 60-69 ans, 75 ans et plus.",2009
,2009
L'âge s'entend comme l'âge atteint au 1er janvier de l'année considérée.,2009
"De 1975 à 1989, les estimations de population sont disponibles uniquement pour la métropole. De 1990 à 2023 le champ couvre l'ensemble des départements de France.
Mayotte, devenu un département d'outre-mer, est intégré au champ France à partir de l'année 2014.",2009
"Les mêmes données sont présentées, par ailleurs, au niveau régional.",2009
,2009
"Les estimations de population par sexe et âge pour les années 2021, 2022 et 2023 sont provisoires. Elles seront révisées début 2024 lorsque seront disponibles les résultats définitifs du nouveau recensement daté du 1er janvier 2021.",2009
"Estimation de population au 1er janvier, par département, sexe et grande classe d'âge",2008
Source : Insee - Estimations de population,2008
Données actualisées au 5 janvier 2023,2008
,2008
,2008
"La population des départements est présentée ici par sexe et selon 5 grandes classes d'âge : 0-19 ans, 20-39 ans, 40-59 ans, 60-69 ans, 75 ans et plus.",2008
,2008
L'âge s'entend comme l'âge atteint au 1er janvier de l'année considérée.,2008
"De 1975 à 1989, les estimations de population sont disponibles uniquement pour la métropole. De 1990 à 2023 le champ couvre l'ensemble des départements de France.
Mayotte, devenu un département d'outre-mer, est intégré au champ France à partir de l'année 2014.",2008
"Les mêmes données sont présentées, par ailleurs, au niveau régional.",2008
,2008
"Les estimations de population par sexe et âge pour les années 2021, 2022 et 2023 sont provisoires. Elles seront révisées début 2024 lorsque seront disponibles les résultats définitifs du nouveau recensement daté du 1er janvier 2021.",2008
"Estimation de population au 1er janvier, par département, sexe et grande classe d'âge",2007
Source : Insee - Estimations de population,2007
Données actualisées au 5 janvier 2023,2007
,2007
,2007
"La population des départements est présentée ici par sexe et selon 5 grandes classes d'âge : 0-19 ans, 20-39 ans, 40-59 ans, 60-69 ans, 75 ans et plus.",2007
,2007
L'âge s'entend comme l'âge atteint au 1er janvier de l'année considérée.,2007
"De 1975 à 1989, les estimations de population sont disponibles uniquement pour la métropole. De 1990 à 2023 le champ couvre l'ensemble des départements de France.
Mayotte, devenu un département d'outre-mer, est intégré au champ France à partir de l'année 2014.",2007
"Les mêmes données sont présentées, par ailleurs, au niveau régional.",2007
,2007
"Les estimations de population par sexe et âge pour les années 2021, 2022 et 2023 sont provisoires. Elles seront révisées début 2024 lorsque seront disponibles les résultats définitifs du nouveau recensement daté du 1er janvier 2021.",2007
"Estimation de population au 1er janvier, par département, sexe et grande classe d'âge",2006
Source : Insee - Estimations de population,2006
Données actualisées au 5 janvier 2023,2006
,2006
,2006
"La population des départements est présentée ici par sexe et selon 5 grandes classes d'âge : 0-19 ans, 20-39 ans, 40-59 ans, 60-69 ans, 75 ans et plus.",2006
,2006
L'âge s'entend comme l'âge atteint au 1er janvier de l'année considérée.,2006
"De 1975 à 1989, les estimations de population sont disponibles uniquement pour la métropole. De 1990 à 2023 le champ couvre l'ensemble des départements de France.
Mayotte, devenu un département d'outre-mer, est intégré au champ France à partir de l'année 2014.",2006
"Les mêmes données sont présentées, par ailleurs, au niveau régional.",2006
,2006
"Les estimations de population par sexe et âge pour les années 2021, 2022 et 2023 sont provisoires. Elles seront révisées début 2024 lorsque seront disponibles les résultats définitifs du nouveau recensement daté du 1er janvier 2021.",2006
"Estimation de population au 1er janvier, par département, sexe et grande classe d'âge",2005
Source : Insee - Estimations de population,2005
Données actualisées au 5 janvier 2023,2005
,2005
,2005
"La population des départements est présentée ici par sexe et selon 5 grandes classes d'âge : 0-19 ans, 20-39 ans, 40-59 ans, 60-69 ans, 75 ans et plus.",2005
,2005
L'âge s'entend comme l'âge atteint au 1er janvier de l'année considérée.,2005
"De 1975 à 1989, les estimations de population sont disponibles uniquement pour la métropole. De 1990 à 2023 le champ couvre l'ensemble des départements de France.
Mayotte, devenu un département d'outre-mer, est intégré au champ France à partir de l'année 2014.",2005
"Les mêmes données sont présentées, par ailleurs, au niveau régional.",2005
,2005
"Les estimations de population par sexe et âge pour les années 2021, 2022 et 2023 sont provisoires. Elles seront révisées début 2024 lorsque seront disponibles les résultats définitifs du nouveau recensement daté du 1er janvier 2021.",2005
"Estimation de population au 1er janvier, par département, sexe et grande classe d'âge",2004
Source : Insee - Estimations de population,2004
Données actualisées au 5 janvier 2023,2004
,2004
,2004
"La population des départements est présentée ici par sexe et selon 5 grandes classes d'âge : 0-19 ans, 20-39 ans, 40-59 ans, 60-69 ans, 75 ans et plus.",2004
,2004
L'âge s'entend comme l'âge atteint au 1er janvier de l'année considérée.,2004
"De 1975 à 1989, les estimations de population sont disponibles uniquement pour la métropole. De 1990 à 2023 le champ couvre l'ensemble des départements de France.
Mayotte, devenu un département d'outre-mer, est intégré au champ France à partir de l'année 2014.",2004
"Les mêmes données sont présentées, par ailleurs, au niveau régional.",2004
,2004
"Les estimations de population par sexe et âge pour les années 2021, 2022 et 2023 sont provisoires. Elles seront révisées début 2024 lorsque seront disponibles les résultats définitifs du nouveau recensement daté du 1er janvier 2021.",2004
"Estimation de population au 1er janvier, par département, sexe et grande classe d'âge",2003
Source : Insee - Estimations de population,2003
Données actualisées au 5 janvier 2023,2003
,2003
,2003
"La population des départements est présentée ici par sexe et selon 5 grandes classes d'âge : 0-19 ans, 20-39 ans, 40-59 ans, 60-69 ans, 75 ans et plus.",2003
,2003
L'âge s'entend comme l'âge atteint au 1er janvier de l'année considérée.,2003
"De 1975 à 1989, les estimations de population sont disponibles uniquement pour la métropole. De 1990 à 2023 le champ couvre l'ensemble des départements de France.
Mayotte, devenu un département d'outre-mer, est intégré au champ France à partir de l'année 2014.",2003
"Les mêmes données sont présentées, par ailleurs, au niveau régional.",2003
,2003
"Les estimations de population par sexe et âge pour les années 2021, 2022 et 2023 sont provisoires. Elles seront révisées début 2024 lorsque seront disponibles les résultats définitifs du nouveau recensement daté du 1er janvier 2021.",2003
"Estimation de population au 1er janvier, par département, sexe et grande classe d'âge",2002
Source : Insee - Estimations de population,2002
Données actualisées au 5 janvier 2023,2002
,2002
,2002
"La population des départements est présentée ici par sexe et selon 5 grandes classes d'âge : 0-19 ans, 20-39 ans, 40-59 ans, 60-69 ans, 75 ans et plus.",2002
,2002
L'âge s'entend comme l'âge atteint au 1er janvier de l'année considérée.,2002
"De 1975 à 1989, les estimations de population sont disponibles uniquement pour la métropole. De 1990 à 2023 le champ couvre l'ensemble des départements de France.
Mayotte, devenu un département d'outre-mer, est intégré au champ France à partir de l'année 2014.",2002
"Les mêmes données sont présentées, par ailleurs, au niveau régional.",2002
,2002
"Les estimations de population par sexe et âge pour les années 2021, 2022 et 2023 sont provisoires. Elles seront révisées début 2024 lorsque seront disponibles les résultats définitifs du nouveau recensement daté du 1er janvier 2021.",2002
"Estimation de population au 1er janvier, par département, sexe et grande classe d'âge",2001
Source : Insee - Estimations de population,2001
Données actualisées au 5 janvier 2023,2001
,2001
,2001
"La population des départements est présentée ici par sexe et selon 5 grandes classes d'âge : 0-19 ans, 20-39 ans, 40-59 ans, 60-69 ans, 75 ans et plus.",2001
,2001
L'âge s'entend comme l'âge atteint au 1er janvier de l'année considérée.,2001
"De 1975 à 1989, les estimations de population sont disponibles uniquement pour la métropole. De 1990 à 2023 le champ couvre l'ensemble des départements de France.
Mayotte, devenu un département d'outre-mer, est intégré au champ France à partir de l'année 2014.",2001
"Les mêmes données sont présentées, par ailleurs, au niveau régional.",2001
,2001
"Les estimations de population par sexe et âge pour les années 2021, 2022 et 2023 sont provisoires. Elles seront révisées début 2024 lorsque seront disponibles les résultats définitifs du nouveau recensement daté du 1er janvier 2021.",2001
"Estimation de population au 1er janvier, par département, sexe et grande classe d'âge",2000
Source : Insee - Estimations de population,2000
Données actualisées au 5 janvier 2023,2000
,2000
,2000
"La population des départements est présentée ici par sexe et selon 5 grandes classes d'âge : 0-19 ans, 20-39 ans, 40-59 ans, 60-69 ans, 75 ans et plus.",2000
,2000
L'âge s'entend comme l'âge atteint au 1er janvier de l'année considérée.,2000
"De 1975 à 1989, les estimations de population sont disponibles uniquement pour la métropole. De 1990 à 2023 le champ couvre l'ensemble des départements de France.
Mayotte, devenu un département d'outre-mer, est intégré au champ France à partir de l'année 2014.",2000
"Les mêmes données sont présentées, par ailleurs, au niveau régional.",2000
,2000
"Les estimations de population par sexe et âge pour les années 2021, 2022 et 2023 sont provisoires. Elles seront révisées début 2024 lorsque seront disponibles les résultats définitifs du nouveau recensement daté du 1er janvier 2021.",2000
"Estimation de population au 1er janvier, par département, sexe et grande classe d'âge",1999
Source : Insee - Estimations de population,1999
Données actualisées au 5 janvier 2023,1999
,1999
,1999
"La population des départements est présentée ici par sexe et selon 5 grandes classes d'âge : 0-19 ans, 20-39 ans, 40-59 ans, 60-69 ans, 75 ans et plus.",1999
,1999
L'âge s'entend comme l'âge atteint au 1er janvier de l'année considérée.,1999
"De 1975 à 1989, les estimations de population sont disponibles uniquement pour la métropole. De 1990 à 2023 le champ couvre l'ensemble des départements de France.
Mayotte, devenu un département d'outre-mer, est intégré au champ France à partir de l'année 2014.",1999
"Les mêmes données sont présentées, par ailleurs, au niveau régional.",1999
,1999
"Les estimations de population par sexe et âge pour les années 2021, 2022 et 2023 sont provisoires. Elles seront révisées début 2024 lorsque seront disponibles les résultats définitifs du nouveau recensement daté du 1er janvier 2021.",1999
"Estimation de population au 1er janvier, par département, sexe et grande classe d'âge",1998
Source : Insee - Estimations de population,1998
Données actualisées au 5 janvier 2023,1998
,1998
,1998
"La population des départements est présentée ici par sexe et selon 5 grandes classes d'âge : 0-19 ans, 20-39 ans, 40-59 ans, 60-69 ans, 75 ans et plus.",1998
,1998
L'âge s'entend comme l'âge atteint au 1er janvier de l'année considérée.,1998
"De 1975 à 1989, les estimations de population sont disponibles uniquement pour la métropole. De 1990 à 2023 le champ couvre l'ensemble des départements de France.
Mayotte, devenu un département d'outre-mer, est intégré au champ France à partir de l'année 2014.",1998
"Les mêmes données sont présentées, par ailleurs, au niveau régional.",1998
,1998
"Les estimations de population par sexe et âge pour les années 2021, 2022 et 2023 sont provisoires. Elles seront révisées début 2024 lorsque seront disponibles les résultats définitifs du nouveau recensement daté du 1er janvier 2021.",1998
"Estimation de population au 1er janvier, par département, sexe et grande classe d'âge",1997
Source : Insee - Estimations de population,1997
Données actualisées au 5 janvier 2023,1997
,1997
,1997
"La population des départements est présentée ici par sexe et selon 5 grandes classes d'âge : 0-19 ans, 20-39 ans, 40-59 ans, 60-69 ans, 75 ans et plus.",1997
,1997
L'âge s'entend comme l'âge atteint au 1er janvier de l'année considérée.,1997
"De 1975 à 1989, les estimations de population sont disponibles uniquement pour la métropole. De 1990 à 2023 le champ couvre l'ensemble des départements de France.
Mayotte, devenu un département d'outre-mer, est intégré au champ France à partir de l'année 2014.",1997
"Les mêmes données sont présentées, par ailleurs, au niveau régional.",1997
,1997
"Les estimations de population par sexe et âge pour les années 2021, 2022 et 2023 sont provisoires. Elles seront révisées début 2024 lorsque seront disponibles les résultats définitifs du nouveau recensement daté du 1er janvier 2021.",1997
"Estimation de population au 1er janvier, par département, sexe et grande classe d'âge",1996
Source : Insee - Estimations de population,1996
Données actualisées au 5 janvier 2023,1996
,1996
,1996
"La population des départements est présentée ici par sexe et selon 5 grandes classes d'âge : 0-19 ans, 20-39 ans, 40-59 ans, 60-69 ans, 75 ans et plus.",1996
,1996
L'âge s'entend comme l'âge atteint au 1er janvier de l'année considérée.,1996
"De 1975 à 1989, les estimations de population sont disponibles uniquement pour la métropole. De 1990 à 2023 le champ couvre l'ensemble des départements de France.
Mayotte, devenu un département d'outre-mer, est intégré au champ France à partir de l'année 2014.",1996
"Les mêmes données sont présentées, par ailleurs, au niveau régional.",1996
,1996
"Les estimations de population par sexe et âge pour les années 2021, 2022 et 2023 sont provisoires. Elles seront révisées début 2024 lorsque seront disponibles les résultats définitifs du nouveau recensement daté du 1er janvier 2021.",1996
"Estimation de population au 1er janvier, par département, sexe et grande classe d'âge",1995
Source : Insee - Estimations de population,1995
Données actualisées au 5 janvier 2023,1995
,1995
,1995
"La population des départements est présentée ici par sexe et selon 5 grandes classes d'âge : 0-19 ans, 20-39 ans, 40-59 ans, 60-69 ans, 75 ans et plus.",1995
,1995
L'âge s'entend comme l'âge atteint au 1er janvier de l'année considérée.,1995
"De 1975 à 1989, les estimations de population sont disponibles uniquement pour la métropole. De 1990 à 2023 le champ couvre l'ensemble des départements de France.
Mayotte, devenu un département d'outre-mer, est intégré au champ France à partir de l'année 2014.",1995
"Les mêmes données sont présentées, par ailleurs, au niveau régional.",1995
,1995
"Les estimations de population par sexe et âge pour les années 2021, 2022 et 2023 sont provisoires. Elles seront révisées début 2024 lorsque seront disponibles les résultats définitifs du nouveau recensement daté du 1er janvier 2021.",1995
"Estimation de population au 1er janvier, par département, sexe et grande classe d'âge",1994
Source : Insee - Estimations de population,1994
Données actualisées au 5 janvier 2023,1994
,1994
,1994
"La population des départements est présentée ici par sexe et selon 5 grandes classes d'âge : 0-19 ans, 20-39 ans, 40-59 ans, 60-69 ans, 75 ans et plus.",1994
,1994
L'âge s'entend comme l'âge atteint au 1er janvier de l'année considérée.,1994
"De 1975 à 1989, les estimations de population sont disponibles uniquement pour la métropole. De 1990 à 2023 le champ couvre l'ensemble des départements de France.
Mayotte, devenu un département d'outre-mer, est intégré au champ France à partir de l'année 2014.",1994
"Les mêmes données sont présentées, par ailleurs, au niveau régional.",1994
,1994
"Les estimations de population par sexe et âge pour les années 2021, 2022 et 2023 sont provisoires. Elles seront révisées début 2024 lorsque seront disponibles les résultats définitifs du nouveau recensement daté du 1er janvier 2021.",1994
"Estimation de population au 1er janvier, par département, sexe et grande classe d'âge",1993
Source : Insee - Estimations de population,1993
Données actualisées au 5 janvier 2023,1993
,1993
,1993
"La population des départements est présentée ici par sexe et selon 5 grandes classes d'âge : 0-19 ans, 20-39 ans, 40-59 ans, 60-69 ans, 75 ans et plus.",1993
,1993
L'âge s'entend comme l'âge atteint au 1er janvier de l'année considérée.,1993
"De 1975 à 1989, les estimations de population sont disponibles uniquement pour la métropole. De 1990 à 2023 le champ couvre l'ensemble des départements de France.
Mayotte, devenu un département d'outre-mer, est intégré au champ France à partir de l'année 2014.",1993
"Les mêmes données sont présentées, par ailleurs, au niveau régional.",1993
,1993
"Les estimations de population par sexe et âge pour les années 2021, 2022 et 2023 sont provisoires. Elles seront révisées début 2024 lorsque seront disponibles les résultats définitifs du nouveau recensement daté du 1er janvier 2021.",1993
"Estimation de population au 1er janvier, par département, sexe et grande classe d'âge",1992
Source : Insee - Estimations de population,1992
Données actualisées au 5 janvier 2023,1992
,1992
,1992
"La population des départements est présentée ici par sexe et selon 5 grandes classes d'âge : 0-19 ans, 20-39 ans, 40-59 ans, 60-69 ans, 75 ans et plus.",1992
,1992
L'âge s'entend comme l'âge atteint au 1er janvier de l'année considérée.,1992
"De 1975 à 1989, les estimations de population sont disponibles uniquement pour la métropole. De 1990 à 2023 le champ couvre l'ensemble des départements de France.
Mayotte, devenu un département d'outre-mer, est intégré au champ France à partir de l'année 2014.",1992
"Les mêmes données sont présentées, par ailleurs, au niveau régional.",1992
,1992
"Les estimations de population par sexe et âge pour les années 2021, 2022 et 2023 sont provisoires. Elles seront révisées début 2024 lorsque seront disponibles les résultats définitifs du nouveau recensement daté du 1er janvier 2021.",1992
"Estimation de population au 1er janvier, par département, sexe et grande classe d'âge",1991
Source : Insee - Estimations de population,1991
Données actualisées au 5 janvier 2023,1991
,1991
,1991
"La population des départements est présentée ici par sexe et selon 5 grandes classes d'âge : 0-19 ans, 20-39 ans, 40-59 ans, 60-69 ans, 75 ans et plus.",1991
,1991
L'âge s'entend comme l'âge atteint au 1er janvier de l'année considérée.,1991
"De 1975 à 1989, les estimations de population sont disponibles uniquement pour la métropole. De 1990 à 2023 le champ couvre l'ensemble des départements de France.
Mayotte, devenu un département d'outre-mer, est intégré au champ France à partir de l'année 2014.",1991
"Les mêmes données sont présentées, par ailleurs, au niveau régional.",1991
,1991
"Les estimations de population par sexe et âge pour les années 2021, 2022 et 2023 sont provisoires. Elles seront révisées début 2024 lorsque seront disponibles les résultats définitifs du nouveau recensement daté du 1er janvier 2021.",1991
"Estimation de population au 1er janvier, par département, sexe et grande classe d'âge",1990
Source : Insee - Estimations de population,1990
Données actualisées au 5 janvier 2023,1990
,1990
,1990
"La population des départements est présentée ici par sexe et selon 5 grandes classes d'âge : 0-19 ans, 20-39 ans, 40-59 ans, 60-69 ans, 75 ans et plus.",1990
,1990
L'âge s'entend comme l'âge atteint au 1er janvier de l'année considérée.,1990
"De 1975 à 1989, les estimations de population sont disponibles uniquement pour la métropole. De 1990 à 2023 le champ couvre l'ensemble des départements de France.
Mayotte, devenu un département d'outre-mer, est intégré au champ France à partir de l'année 2014.",1990
"Les mêmes données sont présentées, par ailleurs, au niveau régional.",1990
,1990
"Les estimations de population par sexe et âge pour les années 2021, 2022 et 2023 sont provisoires. Elles seront révisées début 2024 lorsque seront disponibles les résultats définitifs du nouveau recensement daté du 1er janvier 2021.",1990
"Estimation de population au 1er janvier, par département, sexe et grande classe d'âge",1989
Source : Insee - Estimations de population,1989
Données actualisées au 5 janvier 2023,1989
,1989
,1989
"La population des départements est présentée ici par sexe et selon 5 grandes classes d'âge : 0-19 ans, 20-39 ans, 40-59 ans, 60-69 ans, 75 ans et plus.",1989
,1989
L'âge s'entend comme l'âge atteint au 1er janvier de l'année considérée.,1989
"De 1975 à 1989, les estimations de population sont disponibles uniquement pour la métropole. De 1990 à 2023 le champ couvre l'ensemble des départements de France.
Mayotte, devenu un département d'outre-mer, est intégré au champ France à partir de l'année 2014.",1989
"Les mêmes données sont présentées, par ailleurs, au niveau régional.",1989
,1989
"Les estimations de population par sexe et âge pour les années 2021, 2022 et 2023 sont provisoires. Elles seront révisées début 2024 lorsque seront disponibles les résultats définitifs du nouveau recensement daté du 1er janvier 2021.",1989
"Estimation de population au 1er janvier, par département, sexe et grande classe d'âge",1988
Source : Insee - Estimations de population,1988
Données actualisées au 5 janvier 2023,1988
,1988
,1988
"La population des départements est présentée ici par sexe et selon 5 grandes classes d'âge : 0-19 ans, 20-39 ans, 40-59 ans, 60-69 ans, 75 ans et plus.",1988
,1988
L'âge s'entend comme l'âge atteint au 1er janvier de l'année considérée.,1988
"De 1975 à 1989, les estimations de population sont disponibles uniquement pour la métropole. De 1990 à 2023 le champ couvre l'ensemble des départements de France.
Mayotte, devenu un département d'outre-mer, est intégré au champ France à partir de l'année 2014.",1988
"Les mêmes données sont présentées, par ailleurs, au niveau régional.",1988
,1988
"Les estimations de population par sexe et âge pour les années 2021, 2022 et 2023 sont provisoires. Elles seront révisées début 2024 lorsque seront disponibles les résultats définitifs du nouveau recensement daté du 1er janvier 2021.",1988
"Estimation de population au 1er janvier, par département, sexe et grande classe d'âge",1987
Source : Insee - Estimations de population,1987
Données actualisées au 5 janvier 2023,1987
,1987
,1987
"La population des départements est présentée ici par sexe et selon 5 grandes classes d'âge : 0-19 ans, 20-39 ans, 40-59 ans, 60-69 ans, 75 ans et plus.",1987
,1987
L'âge s'entend comme l'âge atteint au 1er janvier de l'année considérée.,1987
"De 1975 à 1989, les estimations de population sont disponibles uniquement pour la métropole. De 1990 à 2023 le champ couvre l'ensemble des départements de France.
Mayotte, devenu un département d'outre-mer, est intégré au champ France à partir de l'année 2014.",1987
"Les mêmes données sont présentées, par ailleurs, au niveau régional.",1987
,1987
"Les estimations de population par sexe et âge pour les années 2021, 2022 et 2023 sont provisoires. Elles seront révisées début 2024 lorsque seront disponibles les résultats définitifs du nouveau recensement daté du 1er janvier 2021.",1987
"Estimation de population au 1er janvier, par département, sexe et grande classe d'âge",1986
Source : Insee - Estimations de population,1986
Données actualisées au 5 janvier 2023,1986
,1986
,1986
"La population des départements est présentée ici par sexe et selon 5 grandes classes d'âge : 0-19 ans, 20-39 ans, 40-59 ans, 60-69 ans, 75 ans et plus.",1986
,1986
L'âge s'entend comme l'âge atteint au 1er janvier de l'année considérée.,1986
"De 1975 à 1989, les estimations de population sont disponibles uniquement pour la métropole. De 1990 à 2023 le champ couvre l'ensemble des départements de France.
Mayotte, devenu un département d'outre-mer, est intégré au champ France à partir de l'année 2014.",1986
"Les mêmes données sont présentées, par ailleurs, au niveau régional.",1986
,1986
"Les estimations de population par sexe et âge pour les années 2021, 2022 et 2023 sont provisoires. Elles seront révisées début 2024 lorsque seront disponibles les résultats définitifs du nouveau recensement daté du 1er janvier 2021.",1986
"Estimation de population au 1er janvier, par département, sexe et grande classe d'âge",1985
Source : Insee - Estimations de population,1985
Données actualisées au 5 janvier 2023,1985
,1985
,1985
"La population des départements est présentée ici par sexe et selon 5 grandes classes d'âge : 0-19 ans, 20-39 ans, 40-59 ans, 60-69 ans, 75 ans et plus.",1985
,1985
L'âge s'entend comme l'âge atteint au 1er janvier de l'année considérée.,1985
"De 1975 à 1989, les estimations de population sont disponibles uniquement pour la métropole. De 1990 à 2023 le champ couvre l'ensemble des départements de France.
Mayotte, devenu un département d'outre-mer, est intégré au champ France à partir de l'année 2014.",1985
"Les mêmes données sont présentées, par ailleurs, au niveau régional.",1985
,1985
"Les estimations de population par sexe et âge pour les années 2021, 2022 et 2023 sont provisoires. Elles seront révisées début 2024 lorsque seront disponibles les résultats définitifs du nouveau recensement daté du 1er janvier 2021.",1985
"Estimation de population au 1er janvier, par département, sexe et grande classe d'âge",1984
Source : Insee - Estimations de population,1984
Données actualisées au 5 janvier 2023,1984
,1984
,1984
"La population des départements est présentée ici par sexe et selon 5 grandes classes d'âge : 0-19 ans, 20-39 ans, 40-59 ans, 60-69 ans, 75 ans et plus.",1984
,1984
L'âge s'entend comme l'âge atteint au 1er janvier de l'année considérée.,1984
"De 1975 à 1989, les estimations de population sont disponibles uniquement pour la métropole. De 1990 à 2023 le champ couvre l'ensemble des départements de France.
Mayotte, devenu un département d'outre-mer, est intégré au champ France à partir de l'année 2014.",1984
"Les mêmes données sont présentées, par ailleurs, au niveau régional.",1984
,1984
"Les estimations de population par sexe et âge pour les années 2021, 2022 et 2023 sont provisoires. Elles seront révisées début 2024 lorsque seront disponibles les résultats définitifs du nouveau recensement daté du 1er janvier 2021.",1984
"Estimation de population au 1er janvier, par département, sexe et grande classe d'âge",1983
Source : Insee - Estimations de population,1983
Données actualisées au 5 janvier 2023,1983
,1983
,1983
"La population des départements est présentée ici par sexe et selon 5 grandes classes d'âge : 0-19 ans, 20-39 ans, 40-59 ans, 60-69 ans, 75 ans et plus.",1983
,1983
L'âge s'entend comme l'âge atteint au 1er janvier de l'année considérée.,1983
"De 1975 à 1989, les estimations de population sont disponibles uniquement pour la métropole. De 1990 à 2023 le champ couvre l'ensemble des départements de France.
Mayotte, devenu un département d'outre-mer, est intégré au champ France à partir de l'année 2014.",1983
"Les mêmes données sont présentées, par ailleurs, au niveau régional.",1983
,1983
"Les estimations de population par sexe et âge pour les années 2021, 2022 et 2023 sont provisoires. Elles seront révisées début 2024 lorsque seront disponibles les résultats définitifs du nouveau recensement daté du 1er janvier 2021.",1983
"Estimation de population au 1er janvier, par département, sexe et grande classe d'âge",1982
Source : Insee - Estimations de population,1982
Données actualisées au 5 janvier 2023,1982
,1982
,1982
"La population des départements est présentée ici par sexe et selon 5 grandes classes d'âge : 0-19 ans, 20-39 ans, 40-59 ans, 60-69 ans, 75 ans et plus.",1982
,1982
L'âge s'entend comme l'âge atteint au 1er janvier de l'année considérée.,1982
"De 1975 à 1989, les estimations de population sont disponibles uniquement pour la métropole. De 1990 à 2023 le champ couvre l'ensemble des départements de France.
Mayotte, devenu un département d'outre-mer, est intégré au champ France à partir de l'année 2014.",1982
"Les mêmes données sont présentées, par ailleurs, au niveau régional.",1982
,1982
"Les estimations de population par sexe et âge pour les années 2021, 2022 et 2023 sont provisoires. Elles seront révisées début 2024 lorsque seront disponibles les résultats définitifs du nouveau recensement daté du 1er janvier 2021.",1982
"Estimation de population au 1er janvier, par département, sexe et grande classe d'âge",1981
Source : Insee - Estimations de population,1981
Données actualisées au 5 janvier 2023,1981
,1981
,1981
"La population des départements est présentée ici par sexe et selon 5 grandes classes d'âge : 0-19 ans, 20-39 ans, 40-59 ans, 60-69 ans, 75 ans et plus.",1981
,1981
L'âge s'entend comme l'âge atteint au 1er janvier de l'année considérée.,1981
"De 1975 à 1989, les estimations de population sont disponibles uniquement pour la métropole. De 1990 à 2023 le champ couvre l'ensemble des départements de France.
Mayotte, devenu un département d'outre-mer, est intégré au champ France à partir de l'année 2014.",1981
"Les mêmes données sont présentées, par ailleurs, au niveau régional.",1981
,1981
"Les estimations de population par sexe et âge pour les années 2021, 2022 et 2023 sont provisoires. Elles seront révisées début 2024 lorsque seront disponibles les résultats définitifs du nouveau recensement daté du 1er janvier 2021.",1981
"Estimation de population au 1er janvier, par département, sexe et grande classe d'âge",1980
Source : Insee - Estimations de population,1980
Données actualisées au 5 janvier 2023,1980
,1980
,1980
"La population des départements est présentée ici par sexe et selon 5 grandes classes d'âge : 0-19 ans, 20-39 ans, 40-59 ans, 60-69 ans, 75 ans et plus.",1980
,1980
L'âge s'entend comme l'âge atteint au 1er janvier de l'année considérée.,1980
"De 1975 à 1989, les estimations de population sont disponibles uniquement pour la métropole. De 1990 à 2023 le champ couvre l'ensemble des départements de France.
Mayotte, devenu un département d'outre-mer, est intégré au champ France à partir de l'année 2014.",1980
"Les mêmes données sont présentées, par ailleurs, au niveau régional.",1980
,1980
"Les estimations de population par sexe et âge pour les années 2021, 2022 et 2023 sont provisoires. Elles seront révisées début 2024 lorsque seront disponibles les résultats définitifs du nouveau recensement daté du 1er janvier 2021.",1980
"Estimation de population au 1er janvier, par département, sexe et grande classe d'âge",1979
Source : Insee - Estimations de population,1979
Données actualisées au 5 janvier 2023,1979
,1979
,1979
"La population des départements est présentée ici par sexe et selon 5 grandes classes d'âge : 0-19 ans, 20-39 ans, 40-59 ans, 60-69 ans, 75 ans et plus.",1979
,1979
L'âge s'entend comme l'âge atteint au 1er janvier de l'année considérée.,1979
"De 1975 à 1989, les estimations de population sont disponibles uniquement pour la métropole. De 1990 à 2023 le champ couvre l'ensemble des départements de France.
Mayotte, devenu un département d'outre-mer, est intégré au champ France à partir de l'année 2014.",1979
"Les mêmes données sont présentées, par ailleurs, au niveau régional.",1979
,1979
"Les estimations de population par sexe et âge pour les années 2021, 2022 et 2023 sont provisoires. Elles seront révisées début 2024 lorsque seront disponibles les résultats définitifs du nouveau recensement daté du 1er janvier 2021.",1979
"Estimation de population au 1er janvier, par département, sexe et grande classe d'âge",1978
Source : Insee - Estimations de population,1978
Données actualisées au 5 janvier 2023,1978
,1978
,1978
"La population des départements est présentée ici par sexe et selon 5 grandes classes d'âge : 0-19 ans, 20-39 ans, 40-59 ans, 60-69 ans, 75 ans et plus.",1978
,1978
L'âge s'entend comme l'âge atteint au 1er janvier de l'année considérée.,1978
"De 1975 à 1989, les estimations de population sont disponibles uniquement pour la métropole. De 1990 à 2023 le champ couvre l'ensemble des départements de France.
Mayotte, devenu un département d'outre-mer, est intégré au champ France à partir de l'année 2014.",1978
"Les mêmes données sont présentées, par ailleurs, au niveau régional.",1978
,1978
"Les estimations de population par sexe et âge pour les années 2021, 2022 et 2023 sont provisoires. Elles seront révisées début 2024 lorsque seront disponibles les résultats définitifs du nouveau recensement daté du 1er janvier 2021.",1978
"Estimation de population au 1er janvier, par département, sexe et grande classe d'âge",1977
Source : Insee - Estimations de population,1977
Données actualisées au 5 janvier 2023,1977
,1977
,1977
"La population des départements est présentée ici par sexe et selon 5 grandes classes d'âge : 0-19 ans, 20-39 ans, 40-59 ans, 60-69 ans, 75 ans et plus.",1977
,1977
L'âge s'entend comme l'âge atteint au 1er janvier de l'année considérée.,1977
"De 1975 à 1989, les estimations de population sont disponibles uniquement pour la métropole. De 1990 à 2023 le champ couvre l'ensemble des départements de France.
Mayotte, devenu un département d'outre-mer, est intégré au champ France à partir de l'année 2014.",1977
"Les mêmes données sont présentées, par ailleurs, au niveau régional.",1977
,1977
"Les estimations de population par sexe et âge pour les années 2021, 2022 et 2023 sont provisoires. Elles seront révisées début 2024 lorsque seront disponibles les résultats définitifs du nouveau recensement daté du 1er janvier 2021.",1977
"Estimation de population au 1er janvier, par département, sexe et grande classe d'âge",1976
Source : Insee - Estimations de population,1976
Données actualisées au 5 janvier 2023,1976
,1976
,1976
"La population des départements est présentée ici par sexe et selon 5 grandes classes d'âge : 0-19 ans, 20-39 ans, 40-59 ans, 60-69 ans, 75 ans et plus.",1976
,1976
L'âge s'entend comme l'âge atteint au 1er janvier de l'année considérée.,1976
"De 1975 à 1989, les estimations de population sont disponibles uniquement pour la métropole. De 1990 à 2023 le champ couvre l'ensemble des départements de France.
Mayotte, devenu un département d'outre-mer, est intégré au champ France à partir de l'année 2014.",1976
"Les mêmes données sont présentées, par ailleurs, au niveau régional.",1976
,1976
"Les estimations de population par sexe et âge pour les années 2021, 2022 et 2023 sont provisoires. Elles seront révisées début 2024 lorsque seront disponibles les résultats définitifs du nouveau recensement daté du 1er janvier 2021.",1976
"Estimation de population au 1er janvier, par département, sexe et grande classe d'âge",1975
Source : Insee - Estimations de population,1975
Données actualisées au 5 janvier 2023,1975
,1975
,1975
"La population des départements est présentée ici par sexe et selon 5 grandes classes d'âge : 0-19 ans, 20-39 ans, 40-59 ans, 60-69 ans, 75 ans et plus.",1975
,1975
L'âge s'entend comme l'âge atteint au 1er janvier de l'année considérée.,1975
"De 1975 à 1989, les estimations de population sont disponibles uniquement pour la métropole. De 1990 à 2023 le champ couvre l'ensemble des départements de France.
Mayotte, devenu un département d'outre-mer, est intégré au champ France à partir de l'année 2014.",1975
"Les mêmes données sont présentées, par ailleurs, au niveau régional.",1975
,1975
"Les estimations de population par sexe et âge pour les années 2021, 2022 et 2023 sont provisoires. Elles seront révisées début 2024 lorsque seront disponibles les résultats définitifs du nouveau recensement daté du 1er janvier 2021.",1975
